date,BTC,ETH,SOL,BNB,XRP,ADA
2024-01-01,-0.000771,-0.014534,-0.017743,-0.017294,0.017552,-0.015539
2024-01-02,0.031466,0.028066,0.018930,-0.000463,0.003618,0.014685
2024-01-03,-0.012562,0.003586,-0.070695,-0.035389,0.029224,-0.011758
2024-01-04,-0.051499,-0.047518,-0.002886,0.004750,-0.018934,0.018582
2024-01-05,0.014885,-0.013897,-0.036432,-0.031833,0.017973,0.011513
2024-01-06,-0.025978,-0.003815,0.005381,-0.011747,-0.033731,0.005512
2024-01-07,-0.027067,0.035073,-0.024433,-0.007236,0.008516,-0.047247
2024-01-08,0.065910,-0.008177,-0.003205,-0.002962,-0.018456,0.025074
2024-01-09,-0.034294,-0.007128,0.023641,-0.010809,0.009608,-0.019698
2024-01-10,-0.035466,0.022210,0.025493,-0.020160,0.009549,0.035711
2024-01-11,-0.001134,-0.011202,-0.035148,0.049391,0.026270,0.007058
2024-01-12,0.013481,-0.007569,0.002980,0.014894,0.035977,0.011540
2024-01-13,-0.022134,0.032130,-0.001633,0.031228,0.021034,-0.029323
2024-01-14,0.026455,0.003675,-0.020811,0.020113,0.013286,-0.020630
2024-01-15,-0.025519,-0.018151,-0.000671,-0.010902,-0.042206,0.011871
2024-01-16,0.006365,-0.009654,-0.009251,0.011040,-0.027563,-0.017506
2024-01-17,-0.004004,0.001232,0.044116,0.009275,-0.008086,0.023886
2024-01-18,0.035601,0.045943,0.056263,-0.001184,-0.029725,-0.001341
2024-01-19,-0.006456,-0.027153,0.041165,-0.066707,-0.023859,-0.009101
2024-01-20,0.005640,-0.036970,-0.072020,0.006054,0.024298,-0.045414
2024-01-21,-0.036911,-0.058814,-0.009602,-0.055749,-0.003526,-0.014162
2024-01-22,0.036341,0.026957,0.043468,-0.037048,0.035342,-0.036636
2024-01-23,-0.046881,-0.016439,-0.015425,-0.048651,-0.017515,-0.003312
2024-01-24,-0.017532,0.023490,0.024681,0.020711,0.010773,-0.014100
2024-01-25,0.028829,0.013563,0.034660,-0.002126,-0.006595,-0.027855
2024-01-26,0.002644,0.002171,-0.043096,0.010390,0.018208,0.024897
2024-01-27,-0.033326,0.014968,-0.015158,0.000117,-0.015167,-0.024765
2024-01-28,-0.006222,0.053702,0.002294,-0.042827,-0.019590,-0.002737
2024-01-29,-0.037128,-0.025623,0.004713,-0.033483,0.003581,-0.022140
2024-01-30,-0.001263,0.007925,0.035453,0.025386,0.066763,0.029350
2024-01-31,0.027826,0.015000,0.058159,0.030396,0.003237,0.022390
2024-02-01,-0.009808,-0.009357,0.015774,-0.010402,-0.012485,-0.007862
2024-02-02,0.022341,-0.008344,0.041818,0.004019,0.043794,0.012810
2024-02-03,0.003121,0.031908,-0.007388,0.070491,0.018114,0.005868
2024-02-04,-0.005897,0.010170,0.029502,0.020911,-0.025989,-0.023881
2024-02-05,0.036562,-0.029785,0.007635,-0.011625,-0.016384,0.012917
2024-02-06,0.017192,0.024159,-0.036612,0.002662,-0.025307,-0.019475
2024-02-07,0.011861,-0.008370,-0.018028,0.005673,-0.030269,0.009407
2024-02-08,-0.044487,0.013794,-0.004810,0.014731,0.010435,-0.025871
2024-02-09,0.001449,0.037526,0.012178,0.056966,0.023514,0.061122
2024-02-10,0.026725,0.007254,-0.045084,0.008005,-0.000002,-0.040642
2024-02-11,0.037482,-0.013750,0.046610,0.022940,0.055751,0.012468
2024-02-12,-0.026349,-0.017241,0.044892,-0.019013,0.012026,0.007717
2024-02-13,-0.010689,-0.021733,-0.050870,-0.020554,-0.015085,-0.003717
2024-02-14,0.002119,-0.014666,0.029659,0.013672,-0.000283,0.028691
2024-02-15,0.083632,-0.018552,0.059827,0.013514,-0.032536,-0.011276
2024-02-16,-0.033416,0.004143,-0.002547,-0.005819,0.002665,0.018282
2024-02-17,-0.003582,0.002401,0.013229,-0.003606,-0.001136,0.032561
2024-02-18,0.022222,-0.005268,-0.026496,-0.015842,0.019498,-0.008035
2024-02-19,0.021317,0.037680,0.011327,0.010452,-0.001247,0.018966
2024-02-20,0.001009,-0.035843,0.026587,-0.010630,0.024515,0.040032
2024-02-21,0.012513,-0.024981,-0.007741,-0.014338,-0.038151,-0.034481
2024-02-22,-0.005241,0.011986,0.016233,-0.018476,-0.033933,-0.000394
2024-02-23,0.007479,0.011731,0.012222,0.007875,0.013203,0.000421
2024-02-24,-0.036313,0.013728,0.020749,-0.020401,-0.021481,-0.034649
2024-02-25,0.027680,0.057904,0.060163,0.011304,0.046285,0.035700
2024-02-26,0.011001,-0.048353,-0.057885,-0.010721,-0.062144,0.010768
2024-02-27,-0.007732,-0.032318,-0.004334,0.029925,-0.009687,-0.030513
2024-02-28,0.015046,-0.008583,0.001565,0.010247,0.024817,0.009109
2024-02-29,0.004937,0.007818,-0.024300,0.020952,-0.006685,0.045715
2024-03-01,-0.016420,-0.020440,-0.011007,-0.013057,-0.021896,-0.010001
2024-03-02,0.028119,0.012921,-0.050563,-0.010716,-0.009663,-0.010999
2024-03-03,-0.003446,0.032837,-0.035391,-0.016459,-0.025969,-0.012649
2024-03-04,0.078747,0.026799,-0.010681,0.023189,-0.012087,0.045813
2024-03-05,-0.027834,0.024928,0.041095,0.014252,0.010038,-0.027942
2024-03-06,-0.022322,0.009177,0.047006,-0.008780,0.012491,-0.053881
2024-03-07,-0.003252,-0.007970,-0.036168,-0.023075,-0.024152,0.000289
2024-03-08,-0.004838,0.008513,0.041297,0.029650,0.042166,0.013255
2024-03-09,-0.036188,0.016087,-0.024082,-0.050311,-0.030373,0.045042
2024-03-10,0.062290,0.011679,-0.028362,0.038614,0.053437,0.048123
2024-03-11,0.103806,0.006773,0.059038,0.018985,0.015199,0.003906
2024-03-12,-0.038317,0.007509,-0.010797,-0.010821,-0.038682,0.034982
2024-03-13,-0.022655,0.004189,-0.016109,0.001826,0.029626,-0.002552
2024-03-14,0.045055,0.051487,0.003521,-0.063286,-0.020932,-0.003421
2024-03-15,0.016997,-0.012694,0.022824,0.000498,-0.006539,-0.068646
2024-03-16,-0.010223,0.062161,0.036376,0.054893,0.007730,0.029676
2024-03-17,-0.048110,0.014229,-0.017002,-0.041448,0.035783,-0.009719
2024-03-18,0.016252,-0.010865,0.018148,-0.015538,0.060494,-0.001579
2024-03-19,-0.019622,0.033036,0.022326,-0.027633,0.009265,0.052975
2024-03-20,-0.053905,0.024916,-0.030495,-0.029664,0.033401,-0.024791
2024-03-21,-0.010442,-0.024736,0.018069,-0.023944,0.005222,0.000371
2024-03-22,-0.008202,0.013582,-0.015590,-0.008332,0.005750,0.000756
2024-03-23,0.000347,-0.019311,-0.032807,-0.028693,-0.011310,0.046356
2024-03-24,-0.021225,0.013449,-0.020640,0.011599,-0.025906,-0.025407
2024-03-25,0.020798,0.012366,-0.013924,0.034447,-0.006469,0.024005
2024-03-26,-0.003526,0.017998,-0.008431,0.027413,-0.007234,0.012099
2024-03-27,-0.019945,-0.003591,-0.059079,-0.001239,-0.045129,-0.008399
2024-03-28,-0.010529,-0.030545,-0.008741,-0.005522,0.007375,-0.003529
2024-03-29,-0.031928,0.003927,-0.038026,-0.028669,0.003716,0.010202
2024-03-30,-0.013634,-0.038900,-0.013473,-0.026744,-0.048557,0.005033
2024-03-31,0.032550,0.051260,0.003265,0.025531,0.031769,-0.045146
2024-04-01,0.026651,0.054844,0.081593,-0.022582,-0.036354,-0.028001
2024-04-02,0.039247,-0.034311,0.004405,-0.043030,-0.035555,-0.020439
2024-04-03,-0.011155,-0.025253,-0.000984,0.034094,-0.027337,0.015947
2024-04-04,-0.000001,0.025674,-0.030480,-0.008288,0.042558,-0.041282
2024-04-05,0.004315,-0.001908,-0.007323,0.033999,-0.023793,0.010535
2024-04-06,-0.029182,-0.004823,0.023423,0.025927,-0.049472,-0.047638
2024-04-07,0.042522,0.045550,-0.038100,0.043163,0.044202,0.032607
2024-04-08,0.006491,0.047133,-0.077600,-0.051036,-0.043088,-0.030144
2024-04-09,-0.009391,0.024588,0.051963,0.019195,0.028623,0.070547
2024-04-10,0.020638,-0.019282,-0.048205,-0.030636,0.013453,-0.041846
2024-04-11,-0.026024,-0.014710,-0.011029,-0.010229,-0.039400,-0.012410
2024-04-12,-0.028741,-0.001866,0.052815,-0.016224,0.004709,-0.045184
2024-04-13,0.006400,-0.011485,0.086804,0.051337,0.017337,-0.007302
2024-04-14,0.009450,-0.044099,0.039895,0.024615,0.006221,0.006712
2024-04-15,-0.030340,0.032835,0.026084,0.023286,-0.007682,-0.004688
2024-04-16,-0.028098,-0.059591,-0.127350,-0.047067,-0.019669,0.020891
2024-04-17,0.020223,0.040409,0.016301,-0.035444,0.022265,0.044670
2024-04-18,0.030288,0.014622,0.015792,0.035026,0.029223,-0.014833
2024-04-19,0.021095,-0.022288,-0.015642,-0.021438,0.039447,0.017572
2024-04-20,0.007026,-0.019415,0.026682,0.038177,-0.050608,-0.035504
2024-04-21,0.019104,-0.001640,-0.002872,-0.034313,0.020491,-0.025227
2024-04-22,-0.010524,-0.030828,-0.010916,-0.003766,0.024106,0.013992
2024-04-23,0.018034,0.030691,-0.020278,0.055896,0.010122,0.047912
2024-04-24,-0.009193,-0.019438,0.023081,0.016633,0.015661,0.034172
2024-04-25,0.002986,-0.005397,0.034314,-0.011775,-0.008001,0.041646
2024-04-26,-0.020718,0.021933,0.006110,-0.005599,0.012078,0.043510
2024-04-27,-0.009502,0.004647,-0.024459,-0.015799,-0.008702,-0.018607
2024-04-28,0.000173,-0.011860,-0.005602,-0.042115,-0.002356,0.035403
2024-04-29,0.000717,0.012016,-0.009767,-0.003647,-0.006468,-0.013834
2024-04-30,-0.028336,0.004042,0.040000,0.044481,-0.015466,0.011812
2024-05-01,0.035153,-0.015131,0.021865,-0.027027,-0.027437,0.000183
2024-05-02,-0.019047,0.007992,0.005813,-0.019801,-0.050536,-0.026497
2024-05-03,0.000693,0.018016,0.009561,0.013701,0.029502,0.050219
2024-05-04,-0.017412,0.029915,0.032988,-0.030822,-0.036318,-0.004073
2024-05-05,-0.049011,0.038583,-0.003481,-0.005037,-0.023466,0.014289
2024-05-06,0.050145,0.026345,-0.045235,0.002817,-0.010700,-0.011087
2024-05-07,0.002468,0.009915,0.047995,-0.002677,0.016544,0.007879
2024-05-08,-0.029622,-0.018733,0.028569,-0.009008,-0.038435,0.022495
2024-05-09,0.016341,-0.033234,-0.017885,-0.046845,-0.041734,-0.001334
2024-05-10,0.002455,-0.025642,0.003104,-0.037504,0.034438,-0.045797
2024-05-11,0.007171,0.025774,0.031151,-0.003821,0.011850,0.023424
2024-05-12,-0.029930,0.007940,-0.005683,-0.037585,-0.047576,0.019144
2024-05-13,-0.036121,-0.011123,0.005598,-0.002401,0.030309,0.038498
2024-05-14,0.023123,-0.009078,-0.004589,0.021518,0.035412,0.010335
2024-05-15,0.014417,0.028384,0.005584,0.019329,0.006030,0.061332
2024-05-16,-0.041676,-0.025241,0.013496,-0.017558,-0.025373,0.006743
2024-05-17,0.004157,0.015625,0.016809,-0.009796,-0.018859,0.021331
2024-05-18,0.045464,0.044173,-0.024137,0.029483,0.022116,0.031331
2024-05-19,-0.007097,0.029067,-0.009737,0.021610,0.036424,0.006923
2024-05-20,0.011946,-0.033532,-0.000704,-0.012512,-0.020178,-0.029833
2024-05-21,0.022611,0.000749,0.025194,-0.027909,-0.012230,-0.002347
2024-05-22,-0.000003,-0.024995,0.015510,-0.042688,-0.037525,-0.032882
2024-05-23,0.015111,0.023319,0.045118,0.005329,0.015418,0.034204
2024-05-24,0.006883,0.020328,0.031264,-0.039631,0.037740,-0.012310
2024-05-25,0.033872,0.010969,0.013202,-0.018794,0.025038,-0.001662
2024-05-26,0.020480,0.005316,-0.021715,0.023815,-0.002261,0.054971
2024-05-27,-0.061330,0.007584,-0.009707,-0.047828,0.001688,-0.058760
2024-05-28,-0.001556,0.051993,-0.021221,0.035098,-0.003848,-0.014086
2024-05-29,0.021291,-0.012548,0.000214,0.005626,-0.049905,0.000919
2024-05-30,0.002042,0.030661,0.016965,-0.015253,0.026298,0.033860
2024-05-31,-0.006403,0.005278,0.046277,0.019177,0.000298,-0.041509
2024-06-01,-0.022204,-0.013699,-0.007634,0.021154,-0.003279,-0.027695
2024-06-02,0.028796,0.055695,0.005516,-0.005939,0.003853,-0.012190
2024-06-03,-0.024703,0.001546,-0.029573,0.036122,-0.002235,-0.038850
2024-06-04,-0.006175,0.043874,0.006096,0.038203,0.023871,0.000810
2024-06-05,-0.024936,0.009426,0.004246,-0.004995,-0.007368,0.034460
2024-06-06,-0.002015,-0.005752,0.022714,-0.025419,0.060529,0.059695
2024-06-07,0.032792,0.070599,0.001626,0.020005,0.010196,0.031961
2024-06-08,-0.004818,-0.024798,0.009647,0.001999,0.005010,0.016726
2024-06-09,0.007487,-0.013353,0.000382,-0.017759,0.021011,-0.041144
2024-06-10,-0.003495,0.003723,-0.025461,-0.017887,0.010000,0.041205
2024-06-11,0.035570,0.014981,-0.003184,0.015718,0.004507,-0.002770
2024-06-12,0.032858,0.058621,0.022191,0.010413,0.009280,0.006569
2024-06-13,-0.002766,-0.001475,0.008098,-0.000325,-0.007845,0.000370
2024-06-14,0.053924,0.012198,-0.017562,-0.030871,-0.010172,-0.008600
2024-06-15,-0.002129,-0.028247,0.026477,-0.004368,-0.018462,-0.033124
2024-06-16,0.004828,0.029292,0.038266,0.039578,0.050773,0.030093
2024-06-17,-0.022742,0.012424,0.060841,0.007685,0.000122,-0.002096
2024-06-18,-0.001455,0.013434,0.041524,-0.002698,-0.010671,0.003794
2024-06-19,0.033874,-0.003128,0.024133,0.037729,0.033211,0.005041
2024-06-20,-0.005668,-0.006744,0.041763,0.025220,-0.023955,-0.004883
2024-06-21,-0.014278,-0.006203,-0.016707,-0.052160,0.021648,0.021349
2024-06-22,-0.004345,0.006073,-0.021488,0.037879,0.025971,-0.053920
2024-06-23,0.037515,-0.002663,0.001321,-0.012051,0.004283,-0.038408
2024-06-24,0.031570,0.015846,0.010196,0.010464,-0.066617,0.000272
2024-06-25,0.001076,0.021519,-0.012303,-0.012659,0.039734,0.009254
2024-06-26,0.026985,0.008578,-0.063753,-0.003046,0.040681,-0.048163
2024-06-27,-0.040301,0.029719,-0.057235,-0.016209,0.038332,-0.040166
2024-06-28,0.013587,-0.006471,-0.008639,-0.065342,-0.055865,0.022738
2024-06-29,-0.013298,0.002178,0.016942,-0.018632,0.001041,0.008162
2024-06-30,0.031654,-0.002726,-0.009553,-0.000405,0.002503,-0.012036
2024-07-01,-0.015414,-0.031201,0.008669,0.016511,0.014605,0.002300
2024-07-02,-0.023994,0.036989,-0.023627,-0.037105,0.034183,0.020754
2024-07-03,-0.014238,-0.016221,0.018232,0.013782,0.022614,0.006194
2024-07-04,-0.008842,0.001032,-0.000341,0.026611,-0.035697,0.035515
2024-07-05,-0.003522,0.032326,0.030451,-0.009095,-0.001789,0.019112
2024-07-06,-0.008525,0.020151,0.004917,0.016658,-0.005281,0.040004
2024-07-07,-0.005365,0.005661,-0.000694,-0.026105,-0.075604,-0.011189
2024-07-08,0.068037,0.060192,0.050399,0.026770,-0.007432,0.005447
2024-07-09,-0.024705,-0.009538,0.009293,0.051065,-0.018270,0.034047
2024-07-10,-0.033144,0.055935,-0.011945,-0.015160,-0.017451,-0.045492
2024-07-11,-0.057912,-0.056012,0.009557,-0.042804,0.012080,-0.007270
2024-07-12,-0.028915,-0.011337,-0.016021,-0.032503,0.005336,-0.004295
2024-07-13,-0.021506,-0.029136,-0.014712,-0.030738,0.008708,-0.014584
2024-07-14,-0.017342,0.026771,0.001905,0.003461,-0.034534,0.038581
2024-07-15,0.007073,0.012894,0.033364,-0.003068,0.020202,-0.012443
2024-07-16,-0.017233,-0.036377,0.004755,0.040168,0.003146,0.035674
2024-07-17,0.045195,0.006388,0.025054,-0.018676,0.040008,0.002429
2024-07-18,0.037271,0.009341,0.009641,0.000951,0.047304,0.013725
2024-07-19,-0.022406,0.000444,0.032018,0.031294,0.026426,-0.021446
2024-07-20,-0.000891,-0.014581,-0.002903,0.023183,-0.028387,0.023191
2024-07-21,-0.034318,-0.011587,0.018784,0.002727,0.010024,-0.012761
2024-07-22,0.028046,-0.006018,0.049735,-0.029814,0.023789,-0.033845
2024-07-23,-0.034867,0.001630,-0.019741,-0.028042,-0.028701,-0.042719
2024-07-24,-0.003987,-0.015690,0.011874,-0.012656,0.016383,0.002416
2024-07-25,-0.006802,-0.036940,0.004930,-0.056144,-0.023182,0.011711
2024-07-26,0.045264,-0.003813,-0.007621,0.015130,-0.036435,-0.001777
2024-07-27,-0.060347,-0.017617,0.041057,0.016047,-0.005154,0.010195
2024-07-28,-0.050146,-0.059375,-0.034446,0.021407,-0.058176,-0.044497
2024-07-29,-0.029241,0.004061,0.001342,-0.017415,0.016723,-0.023620
2024-07-30,0.010808,0.040232,0.025197,-0.007828,-0.002490,-0.023771
2024-07-31,0.032428,0.048995,0.005301,0.019553,0.023633,0.012563
2024-08-01,0.007765,-0.033642,0.014075,0.020605,-0.007632,0.043932
2024-08-02,-0.031075,-0.014847,0.019559,0.005002,0.035879,-0.024702
2024-08-03,0.034069,0.017004,-0.000513,-0.010673,0.061473,-0.028582
2024-08-04,-0.029582,-0.015218,-0.014765,-0.007764,-0.028426,0.031947
2024-08-05,0.021859,0.030800,0.036351,0.002815,0.050294,0.015561
2024-08-06,-0.012465,-0.010916,0.038329,-0.005967,-0.026865,-0.028639
2024-08-07,0.015995,0.010764,0.025081,0.026640,-0.008504,0.021300
2024-08-08,-0.033495,0.012226,-0.048525,-0.000953,0.017584,0.029050
2024-08-09,0.025005,0.008754,0.029625,0.021791,0.041927,0.020130
2024-08-10,0.014888,0.011009,0.027096,0.006940,-0.013671,-0.005064
2024-08-11,-0.027664,-0.009324,0.033712,-0.028270,-0.015418,-0.004903
2024-08-12,0.052854,0.035318,-0.019344,0.010930,0.010071,-0.006943
2024-08-13,0.062563,0.044702,0.038899,0.009743,0.000693,0.024641
2024-08-14,-0.001968,0.014129,0.007789,0.039389,-0.006796,-0.008230
2024-08-15,0.012200,0.038344,-0.011733,0.022406,-0.062071,0.026685
2024-08-16,0.036894,0.019060,0.028600,0.017618,0.024925,0.004877
2024-08-17,-0.004319,0.012819,-0.002726,0.003876,-0.005428,0.035266
2024-08-18,-0.018918,-0.019054,0.022909,0.015034,-0.024720,0.006077
2024-08-19,0.026075,0.042570,0.032820,0.011104,0.025818,0.010347
2024-08-20,-0.013144,0.020662,-0.022417,0.011819,0.012543,-0.035220
2024-08-21,0.014236,-0.015641,0.027230,-0.021392,-0.020714,0.028006
2024-08-22,-0.022803,0.024208,-0.010883,-0.053050,0.004376,-0.022224
2024-08-23,-0.062661,0.002276,-0.018047,-0.046088,-0.039410,-0.043462
2024-08-24,-0.054189,0.021653,-0.047360,-0.023415,-0.031070,0.003703
2024-08-25,-0.020263,0.034552,0.010541,0.004537,-0.045415,-0.021479
2024-08-26,0.051052,0.042941,0.023721,-0.024208,0.036160,0.016958
2024-08-27,-0.013390,0.010555,0.012634,0.014961,-0.011577,-0.013134
2024-08-28,-0.007316,-0.014963,-0.036791,0.023917,0.007669,0.026716
2024-08-29,0.031523,-0.026594,-0.024682,0.003880,-0.003913,0.005980
2024-08-30,0.040833,0.042585,0.007490,-0.017384,-0.017518,0.000313
2024-08-31,0.005768,0.030428,0.009731,-0.035248,-0.023477,-0.047927
2024-09-01,-0.001708,-0.008897,-0.037419,-0.017310,-0.055864,-0.011378
2024-09-02,-0.011321,-0.028405,0.011361,-0.021880,-0.006171,0.012416
2024-09-03,-0.013528,-0.034118,0.010158,-0.002296,-0.038246,-0.046667
2024-09-04,-0.000742,0.006553,0.017350,-0.011497,0.032693,0.000235
2024-09-05,-0.061892,-0.039310,0.006970,-0.034880,-0.037703,-0.003187
2024-09-06,-0.004544,-0.009689,0.019804,0.048165,-0.026338,-0.017611
2024-09-07,0.084952,-0.008780,-0.029322,-0.009642,0.006953,-0.015814
2024-09-08,0.012311,-0.035968,0.006954,0.015449,0.025100,0.001629
2024-09-09,0.006434,0.010615,0.013443,0.014421,0.003368,-0.020471
2024-09-10,0.029555,0.049374,0.059156,0.050540,0.042599,0.030700
2024-09-11,0.007817,0.030857,0.026027,0.028084,-0.008420,0.018014
2024-09-12,-0.027433,0.058398,0.001852,0.028420,0.027775,-0.006259
2024-09-13,-0.061046,-0.023510,-0.023737,-0.047446,-0.016663,-0.016697
2024-09-14,-0.010530,0.024416,-0.023553,0.017018,-0.030379,0.010840
2024-09-15,-0.017637,0.013613,0.020395,-0.072609,0.009784,0.022175
2024-09-16,-0.056904,-0.022735,-0.003828,-0.018988,-0.035849,-0.002449
2024-09-17,0.033280,0.045194,-0.009133,0.020013,0.049917,0.001156
2024-09-18,0.018789,0.013356,-0.018827,0.020720,-0.011514,0.035067
2024-09-19,-0.013208,-0.025545,-0.002914,0.000034,-0.017710,-0.007551
2024-09-20,-0.017241,-0.002298,-0.004216,0.059049,-0.022891,-0.032233
2024-09-21,0.027137,-0.009665,0.013820,0.037761,-0.017166,0.031512
2024-09-22,0.019849,0.027080,0.011396,0.008456,0.004316,0.009237
2024-09-23,0.003979,-0.038493,-0.008834,0.013636,0.006830,-0.015673
2024-09-24,0.035059,-0.007239,-0.000622,0.003684,0.023728,0.029729
2024-09-25,-0.053635,-0.017046,-0.027308,-0.007253,-0.019161,-0.000422
2024-09-26,-0.002614,0.050818,-0.005694,0.043744,0.028891,0.039944
2024-09-27,0.005438,-0.007917,-0.008953,0.003616,-0.023238,-0.003626
2024-09-28,0.015478,0.011005,0.004933,-0.040998,-0.011356,-0.023977
2024-09-29,-0.032157,0.009415,0.015688,0.022145,-0.013593,-0.066970
2024-09-30,-0.017198,0.025107,-0.020462,0.026898,-0.059159,-0.014527
2024-10-01,0.005527,-0.033064,-0.030134,0.077610,0.028355,0.023314
2024-10-02,-0.013482,-0.003111,0.001789,-0.018877,-0.015529,0.018602
2024-10-03,0.028021,-0.000257,-0.006018,0.026544,0.028119,0.007695
2024-10-04,0.003103,0.028775,0.027019,-0.060454,-0.010771,0.027422
2024-10-05,-0.025914,0.005661,0.043065,-0.009372,-0.009453,0.020579
2024-10-06,0.010963,-0.007836,-0.009390,0.017654,0.010391,0.009465
2024-10-07,0.018960,0.024969,-0.022089,-0.033199,0.012114,0.010522
2024-10-08,-0.011058,0.004488,0.017131,0.021359,0.001080,-0.028715
2024-10-09,0.002212,-0.011435,0.031924,0.003156,-0.039792,-0.007922
2024-10-10,-0.049842,-0.020257,0.000589,-0.022972,-0.033952,-0.021401
2024-10-11,0.027209,0.007453,-0.008147,-0.026891,0.009861,-0.022101
2024-10-12,0.016245,-0.001783,-0.002047,0.042673,-0.015813,0.042152
2024-10-13,-0.033032,0.008165,0.039545,-0.013023,0.015750,0.023635
2024-10-14,-0.030665,-0.014386,0.011184,-0.032327,-0.029553,-0.065680
2024-10-15,-0.005053,-0.016912,0.043473,-0.040166,0.038780,-0.037456
2024-10-16,-0.028304,-0.023886,-0.036493,0.064937,0.022112,-0.019485
2024-10-17,-0.031517,-0.006874,0.001075,-0.010568,-0.035390,-0.019390
2024-10-18,0.024200,0.023694,0.020142,0.062572,0.056914,-0.020818
2024-10-19,-0.011016,0.003977,0.005817,0.043663,0.006331,0.006954
2024-10-20,0.028853,0.017911,0.056019,0.047498,-0.016144,-0.014551
2024-10-21,0.036962,0.012598,0.005006,0.027389,0.038033,0.029948
2024-10-22,0.041195,0.033122,0.012066,0.018917,0.011301,-0.012844
2024-10-23,-0.036553,0.007074,0.009480,-0.007945,0.002005,0.011264
2024-10-24,0.031474,0.031610,0.032934,0.041232,0.022557,0.056830
2024-10-25,0.026506,0.054221,-0.017174,-0.035276,0.018983,0.007547
2024-10-26,-0.062731,0.009907,0.002699,0.012157,-0.025347,0.021018
2024-10-27,0.016014,0.003952,0.052191,0.002518,0.019416,-0.012807
2024-10-28,-0.008890,-0.039049,-0.035891,0.000480,-0.027553,-0.025708
2024-10-29,0.025036,-0.029581,0.039470,0.006566,-0.039974,0.003963
2024-10-30,-0.033574,0.007859,-0.019385,-0.101019,0.013517,0.012094
2024-10-31,0.013410,0.010603,0.018047,-0.016578,-0.004213,0.018396
2024-11-01,0.012547,0.027366,0.017817,-0.045510,0.017464,-0.014332
2024-11-02,0.005886,-0.005594,-0.039561,0.027939,0.006330,-0.012348
2024-11-03,0.027041,-0.028288,0.032677,-0.026956,0.007462,-0.017999
2024-11-04,-0.016293,-0.017585,-0.008425,0.025402,-0.016753,0.016168
2024-11-05,-0.012571,-0.007780,0.048883,-0.027415,0.039977,0.010234
2024-11-06,-0.002601,-0.016968,-0.002005,0.010041,0.046443,0.009780
2024-11-07,-0.019784,-0.000291,-0.020008,0.023973,-0.039806,-0.017292
2024-11-08,-0.031794,0.020677,-0.000826,-0.020737,-0.008024,-0.013614
2024-11-09,-0.014205,-0.037540,-0.028033,0.018630,0.007729,-0.000166
2024-11-10,-0.009056,-0.007606,0.006040,0.019738,0.009028,-0.033373
2024-11-11,-0.050126,-0.023109,-0.011941,-0.021278,-0.008219,-0.021139
2024-11-12,0.020843,-0.001674,-0.017102,-0.019125,0.024885,-0.006069
2024-11-13,-0.034640,-0.018531,0.008456,0.002733,-0.044428,-0.016568
2024-11-14,0.022476,0.004355,0.035405,-0.028714,-0.017559,-0.016560
2024-11-15,0.012343,-0.026000,-0.002656,0.008867,-0.024120,-0.022541
2024-11-16,0.010690,-0.018740,0.029953,-0.028048,0.004520,0.014438
2024-11-17,0.014960,-0.000570,-0.025577,-0.037231,0.001233,0.043076
2024-11-18,0.002469,-0.016004,-0.000327,-0.025366,-0.002972,-0.046084
2024-11-19,0.004256,0.002142,0.002245,-0.030343,0.013213,-0.013172
2024-11-20,0.019808,0.021321,-0.016685,0.039107,0.002675,0.035871
2024-11-21,-0.041876,-0.048758,0.041410,-0.004535,-0.005418,-0.028208
2024-11-22,0.021027,0.000282,-0.001878,-0.014319,0.025467,0.017482
2024-11-23,-0.019566,0.011654,0.035936,0.020853,0.038609,0.013934
2024-11-24,0.010823,0.004604,0.000979,0.035816,0.024450,-0.014492
2024-11-25,0.010169,0.012968,-0.012496,0.011603,-0.017256,-0.027763
2024-11-26,-0.036523,0.012706,-0.034540,-0.008341,-0.079994,0.003397
2024-11-27,-0.015149,0.023312,0.009383,0.015619,0.012757,0.032768
2024-11-28,-0.023603,-0.012537,-0.019084,-0.053220,-0.007047,0.008723
2024-11-29,-0.004079,-0.019101,-0.055531,-0.005109,-0.066832,-0.042038
2024-11-30,0.016910,0.004741,-0.046582,-0.012828,0.002072,-0.015431
2024-12-01,0.019936,-0.003734,0.016969,0.037860,-0.028881,0.001334
2024-12-02,0.030472,0.026983,0.021323,0.007784,-0.030055,-0.027885
2024-12-03,-0.057823,-0.071823,0.011498,0.012564,-0.024514,-0.034191
2024-12-04,-0.043806,0.019385,0.011205,-0.011124,-0.000054,-0.021402
2024-12-05,-0.006917,-0.024568,-0.014496,0.016265,0.049316,0.067144
2024-12-06,0.009077,-0.014420,-0.041221,0.006807,-0.014339,0.000283
2024-12-07,0.037343,0.014532,0.028884,0.022143,0.030872,0.089702
2024-12-08,0.030150,-0.016346,0.026867,0.045221,0.007928,-0.002594
2024-12-09,0.005190,-0.006309,0.017120,0.005129,-0.015033,0.016635
2024-12-10,-0.010651,-0.026869,0.014668,0.021809,-0.013135,0.010019
2024-12-11,0.015520,-0.022679,0.001552,-0.007115,0.000153,0.031457
2024-12-12,0.020830,-0.005475,-0.023832,-0.035481,-0.007690,-0.022249
2024-12-13,-0.043949,-0.005859,-0.003700,-0.045805,-0.023149,-0.029579
2024-12-14,0.016472,0.000022,-0.001635,-0.042557,-0.027078,-0.034271
2024-12-15,-0.012339,-0.028288,-0.007484,-0.006282,0.006441,0.010991
2024-12-16,-0.021385,-0.003406,-0.012059,-0.011867,-0.001443,-0.018910
2024-12-17,0.006262,0.008837,0.007887,0.003767,-0.006888,-0.020243
2024-12-18,0.019338,-0.021725,-0.011560,-0.000974,-0.040877,-0.027316
2024-12-19,0.018126,-0.042976,-0.001927,-0.008562,0.037564,-0.018981
2024-12-20,0.021378,0.024649,0.049870,0.005968,0.008104,-0.032801
2024-12-21,0.067409,0.002295,0.018699,0.006528,0.066626,0.055723
2024-12-22,0.012406,0.002827,-0.019276,-0.019242,0.014393,-0.001476
2024-12-23,-0.012923,-0.001105,-0.031920,0.023624,0.014623,-0.030794
2024-12-24,-0.045931,0.003465,0.011072,-0.041954,0.004072,-0.005322
2024-12-25,0.008246,-0.020033,0.032196,-0.014576,-0.032285,-0.011176
2024-12-26,0.024617,-0.016449,0.061836,0.056914,0.008688,-0.005798
2024-12-27,-0.028146,0.017007,-0.023158,0.003997,0.091603,0.003976
2024-12-28,-0.017667,0.032038,0.022319,-0.035073,0.002010,0.003733
2024-12-29,0.012852,-0.000828,0.037316,0.029012,0.028352,0.047494
2024-12-30,-0.043318,-0.004041,0.045640,-0.039813,-0.015380,-0.019922
2024-12-31,-0.021069,-0.052899,-0.035532,-0.000877,-0.049218,-0.000743
2025-01-01,-0.007403,0.012811,-0.037577,0.018507,-0.032889,-0.026239
2025-01-02,-0.030839,-0.001764,0.034084,-0.003684,-0.004313,0.009368
2025-01-03,0.001029,-0.011264,-0.043853,0.042279,0.016714,0.022122
2025-01-04,0.027735,0.004587,-0.023900,-0.024037,0.028522,-0.011711
2025-01-05,-0.022549,-0.045527,-0.060293,-0.009927,-0.046908,-0.049383
2025-01-06,0.020045,0.016276,-0.002839,-0.035226,0.032311,-0.023933
2025-01-07,0.061279,0.033506,-0.018214,0.040116,0.026169,0.035335
2025-01-08,-0.032689,-0.010657,-0.020363,-0.006632,-0.061868,0.003132
2025-01-09,-0.026694,0.035598,0.035775,0.038502,0.030914,0.005097
2025-01-10,0.021604,-0.020617,-0.005051,-0.012404,-0.012215,0.021702
2025-01-11,-0.002048,-0.023200,-0.067425,-0.001009,-0.082789,-0.033600
2025-01-12,0.017349,0.000113,0.019781,-0.012851,-0.019985,0.007821
2025-01-13,-0.003882,-0.001796,-0.024183,0.044908,0.004761,0.007136
2025-01-14,0.004071,-0.034278,-0.053863,-0.036804,0.002969,0.019659
2025-01-15,-0.005776,-0.037997,-0.024165,-0.035661,0.015675,-0.024206
2025-01-16,-0.005534,-0.003410,-0.002719,-0.004883,0.026937,0.028494
2025-01-17,0.041090,0.006937,-0.006283,-0.045114,0.000845,0.004858
2025-01-18,-0.039475,-0.013826,-0.039884,0.010855,0.024813,-0.035503
2025-01-19,0.037757,0.000790,0.020637,0.006939,0.004350,-0.025592
2025-01-20,-0.010223,0.007735,0.012249,0.026835,0.023277,0.008351
2025-01-21,0.022806,0.044137,0.027681,-0.004600,0.056370,0.044641
2025-01-22,0.006373,0.014429,0.031844,0.064129,-0.037950,-0.002649
2025-01-23,0.005363,-0.012928,0.025113,0.005509,-0.050438,0.017455
2025-01-24,0.055210,0.021820,-0.023097,0.045283,0.001786,0.001188
2025-01-25,0.027006,0.030994,0.019562,-0.023128,0.058833,-0.007034
2025-01-26,-0.021823,-0.007024,0.003272,-0.021937,-0.013050,-0.007349
2025-01-27,0.042117,-0.003134,0.003752,0.005451,-0.004482,-0.016063
2025-01-28,0.012758,-0.003981,-0.014562,0.022444,-0.016119,0.021421
2025-01-29,-0.039811,-0.011626,-0.017236,-0.032079,0.065052,-0.001487
2025-01-30,-0.022978,0.002795,0.032962,0.015288,0.021902,-0.014312
2025-01-31,-0.008610,0.059570,-0.020114,0.054245,0.012009,-0.036213
2025-02-01,0.000097,-0.009998,0.045866,-0.011354,0.005027,0.018807
2025-02-02,-0.022062,-0.033497,-0.002487,0.051397,-0.012553,0.046114
2025-02-03,0.017304,0.030647,0.020500,0.011600,0.026435,-0.046643
2025-02-04,0.015247,0.042581,0.015626,0.016091,-0.042967,0.002875
2025-02-05,-0.018988,-0.059568,-0.030860,-0.029057,-0.062687,-0.028402
2025-02-06,0.024715,0.006015,0.032255,0.023010,0.010967,0.035340
2025-02-07,-0.028165,0.016595,-0.004638,0.006765,0.016879,-0.064976
2025-02-08,-0.091302,-0.019623,-0.061018,-0.025923,-0.008819,-0.048589
2025-02-09,0.025863,0.039083,-0.013121,0.015924,-0.008639,0.011981
2025-02-10,0.018669,0.004224,-0.002386,-0.015652,0.048177,0.060175
2025-02-11,-0.027210,0.020720,0.006030,0.035394,-0.027243,0.011531
2025-02-12,0.012817,0.001641,0.014266,0.019410,0.002090,0.033380
2025-02-13,0.012480,-0.001199,0.051946,-0.003152,0.088515,0.001471
2025-02-14,-0.008068,-0.055740,0.004869,0.001149,-0.024522,-0.027506
2025-02-15,-0.040440,-0.010257,-0.078618,-0.005822,-0.033457,0.003625
2025-02-16,-0.031661,0.004453,-0.022587,0.016828,-0.003466,0.002991
2025-02-17,0.019663,-0.018921,-0.019660,-0.005610,-0.015333,-0.009185
2025-02-18,-0.079631,0.002232,0.054776,-0.025347,0.009883,0.012063
2025-02-19,0.001720,0.040387,0.005827,0.018783,0.016583,0.001082
2025-02-20,-0.032814,-0.037368,-0.005177,-0.013038,0.068382,0.014900
2025-02-21,-0.021550,0.007788,-0.009158,-0.020894,0.086234,-0.018898
2025-02-22,-0.021408,-0.048816,-0.009006,-0.017034,-0.001565,-0.037375
2025-02-23,0.072927,-0.002020,0.018058,-0.025186,0.030328,0.040896
2025-02-24,0.034850,0.037851,0.008114,0.002268,0.031042,0.026587
2025-02-25,-0.001933,-0.024975,0.018823,0.023607,-0.006986,0.009491
2025-02-26,0.008827,0.039398,0.016153,-0.058764,-0.020524,-0.014961
2025-02-27,-0.028868,-0.020251,-0.055942,0.004230,0.000405,-0.028266
2025-02-28,0.034029,0.029972,-0.004869,-0.037864,0.041141,-0.017247
2025-03-01,0.011537,0.030155,0.027237,0.029192,0.018897,0.031727
2025-03-02,-0.008154,0.002973,-0.029735,0.030258,-0.002881,0.019362
2025-03-03,0.027181,-0.006532,0.009606,0.011836,-0.005561,0.002082
2025-03-04,0.020461,0.031988,-0.029889,-0.030759,0.028379,0.003411
2025-03-05,-0.038480,0.010032,-0.030039,0.005915,-0.007737,-0.010983
2025-03-06,-0.004926,0.025787,0.003527,0.045139,-0.027733,-0.000260
2025-03-07,0.013732,0.027020,-0.044164,-0.030183,0.015090,0.016241
2025-03-08,-0.018972,-0.032480,0.000950,-0.033564,-0.044993,-0.026629
2025-03-09,-0.005628,0.007216,-0.065019,-0.034298,0.016305,0.008833
2025-03-10,-0.037065,0.019364,0.024956,-0.007150,-0.004139,0.029411
2025-03-11,0.031444,0.037104,0.052874,0.060852,0.045918,0.042960
2025-03-12,-0.017328,-0.037555,-0.019603,-0.038321,-0.000729,0.004590
2025-03-13,0.030513,-0.035295,0.012852,-0.022974,0.039850,0.016633
2025-03-14,-0.076406,-0.022016,-0.010377,-0.002202,-0.009148,-0.013582
2025-03-15,-0.005250,-0.057299,0.012111,0.039641,0.011726,-0.037934
2025-03-16,-0.007462,-0.005143,-0.017143,0.015516,-0.003309,-0.006146
2025-03-17,0.006284,-0.008495,-0.010986,0.013310,-0.044121,-0.045299
2025-03-18,0.015292,-0.000848,-0.114376,-0.042802,0.000897,-0.019171
2025-03-19,0.007428,0.007011,0.013649,0.003698,0.020468,-0.020881
2025-03-20,0.003642,-0.027244,-0.008495,-0.029822,0.002615,-0.007486
2025-03-21,-0.044503,0.017379,-0.000422,-0.001600,0.004291,0.025747
2025-03-22,-0.020194,-0.004025,-0.007100,-0.007635,0.015778,-0.028901
2025-03-23,-0.007201,0.014574,-0.002454,0.002836,-0.021479,0.019799
2025-03-24,-0.042095,-0.008748,-0.058138,0.018665,-0.031268,-0.023860
2025-03-25,0.025918,0.035084,0.003112,0.037619,-0.009882,0.006274
2025-03-26,-0.012881,0.042069,0.032568,0.041589,-0.025293,-0.016626
2025-03-27,0.013028,-0.030395,-0.017532,-0.009240,0.050284,0.022894
2025-03-28,-0.046868,-0.021264,-0.014923,0.000707,-0.037434,-0.007971
2025-03-29,0.022014,0.007995,-0.008770,0.013925,-0.019080,-0.054325
2025-03-30,0.034370,0.084159,-0.013119,-0.007119,0.007255,-0.036149
2025-03-31,-0.032118,0.030641,0.026471,-0.007899,-0.022559,0.022125
2025-04-01,-0.009012,-0.017752,0.005617,0.009095,0.002305,0.005191
2025-04-02,0.002852,0.064149,0.018247,0.024266,0.008343,0.039451
2025-04-03,0.016357,-0.005632,0.017345,0.028509,0.040633,0.008290
2025-04-04,0.006652,0.012733,-0.018763,-0.025185,0.008471,-0.017223
2025-04-05,0.008263,-0.023861,0.010580,-0.012809,0.013769,0.004741
2025-04-06,0.004637,-0.020876,-0.036868,-0.023024,0.013942,-0.027956
2025-04-07,-0.002509,0.025797,-0.032324,0.026176,0.031707,-0.021246
2025-04-08,0.000657,0.052299,0.063341,0.028150,0.032379,0.005572
2025-04-09,0.016814,-0.045029,-0.023369,-0.009087,-0.039842,0.001092
2025-04-10,-0.003606,0.049718,0.050707,0.010681,-0.008967,0.015587
2025-04-11,-0.039505,0.012012,0.019194,-0.027436,-0.047844,0.009597
2025-04-12,0.005599,0.017539,-0.026385,0.039627,0.026882,0.004496
2025-04-13,0.009393,0.010335,0.025907,0.001981,0.037528,-0.001972
2025-04-14,0.049806,-0.029324,0.013346,-0.005069,-0.011639,0.040856
2025-04-15,0.028160,0.020797,-0.018370,0.013516,0.006768,-0.018426
2025-04-16,0.035292,0.001996,0.024166,0.068750,0.045080,0.025698
2025-04-17,0.008727,0.003054,-0.047869,0.028495,0.002761,0.002699
2025-04-18,-0.030016,-0.008746,-0.006415,0.009623,-0.006726,-0.029400
2025-04-19,0.002605,-0.019352,0.002744,0.022016,-0.015866,-0.012729
2025-04-20,0.044313,0.035101,0.016152,0.040745,0.006924,0.022276
2025-04-21,-0.064558,-0.021922,-0.011987,-0.018923,0.003467,-0.002542
2025-04-22,-0.002778,-0.025003,-0.011686,0.018696,0.049443,0.020684
2025-04-23,-0.054682,0.009399,0.006733,-0.006914,0.019588,0.001042
2025-04-24,0.008393,0.029796,0.008694,0.003517,0.061690,0.004768
2025-04-25,-0.019793,0.017593,0.016278,0.026409,-0.005701,-0.039243
2025-04-26,0.025527,-0.032064,0.051060,-0.019764,0.025940,0.004619
2025-04-27,-0.009378,-0.000834,-0.008026,0.037165,0.039988,0.044447
2025-04-28,0.017917,0.001356,-0.034697,-0.032301,0.031849,0.015911
2025-04-29,0.019269,-0.003869,0.005353,-0.026684,-0.051072,-0.066231
2025-04-30,0.006469,0.026075,0.011828,0.030631,0.020841,0.033125
2025-05-01,-0.008918,0.004560,-0.040101,-0.030157,-0.026967,-0.033443
2025-05-02,-0.005969,0.018875,0.016510,0.042490,0.011409,-0.025940
2025-05-03,-0.007262,0.003354,-0.003478,0.033517,0.022318,0.028810
2025-05-04,-0.028253,0.030714,0.000752,-0.011186,0.025220,0.046591
2025-05-05,0.005327,0.007712,0.042849,0.002940,-0.017057,-0.003719
2025-05-06,-0.018402,-0.003110,-0.009110,0.010963,0.048358,0.035351
2025-05-07,0.050359,-0.002059,0.001279,0.009396,0.022169,-0.040936
2025-05-08,0.011789,0.010263,0.027962,-0.029576,0.036863,0.008212
2025-05-09,0.027295,0.028614,0.051136,0.029453,0.019428,0.066186
2025-05-10,-0.014597,-0.035383,0.036594,-0.016344,-0.053596,-0.047986
2025-05-11,-0.047310,0.022414,0.009126,0.032064,-0.050061,0.010227
2025-05-12,0.014082,-0.027499,0.014524,0.009197,0.032719,0.016922
2025-05-13,0.018667,0.005626,0.044892,0.030162,0.021827,-0.022019
2025-05-14,0.001035,-0.025791,0.019337,0.022215,-0.005841,0.028839
2025-05-15,0.018256,0.002648,-0.004031,0.037592,-0.032736,-0.013072
2025-05-16,-0.028572,0.031444,0.003759,-0.026220,-0.012161,0.044108
2025-05-17,0.005820,-0.001477,0.012079,-0.015199,0.017156,0.034248
2025-05-18,0.009529,-0.037544,-0.000531,0.011113,0.008817,0.038643
2025-05-19,0.040860,-0.030256,-0.014629,0.012785,-0.036210,-0.025954
2025-05-20,0.007063,-0.011940,-0.005525,0.018186,-0.015745,0.002835
2025-05-21,-0.050047,0.021435,0.034557,-0.012196,-0.013500,-0.015115
2025-05-22,0.008019,-0.008978,0.007554,0.006657,-0.003428,-0.012794
2025-05-23,0.037350,0.067505,0.054157,0.029607,0.057076,-0.002904
2025-05-24,-0.004616,0.003183,-0.038343,0.003857,0.043933,-0.026935
2025-05-25,-0.017974,-0.008543,-0.013442,0.021780,0.009983,0.037944
2025-05-26,-0.013113,0.003825,0.000700,-0.005803,0.005708,0.016222
2025-05-27,0.009016,0.024822,0.023771,0.003715,-0.052438,0.034660
2025-05-28,-0.064822,-0.016119,-0.025091,-0.032829,-0.045371,0.002871
2025-05-29,0.002669,0.013495,0.035622,0.001448,0.027030,-0.020281
2025-05-30,-0.035349,-0.027103,-0.012550,-0.002502,-0.001170,-0.032775
2025-05-31,0.048861,0.007190,0.029540,0.056515,0.065889,0.008779
2025-06-01,-0.037320,-0.045112,-0.022968,-0.042329,-0.021248,-0.011379
2025-06-02,0.018342,0.001401,0.033768,-0.050994,0.026784,0.032419
2025-06-03,-0.024568,-0.013098,-0.005491,0.060340,0.011895,0.020459
2025-06-04,0.025133,-0.015885,0.000278,-0.042264,0.007563,0.025017
2025-06-05,-0.006129,-0.000981,0.013098,-0.009403,-0.005914,-0.026989
2025-06-06,0.018935,0.012994,0.001054,0.039341,-0.039397,-0.013940
2025-06-07,0.014389,0.032093,-0.003954,0.020290,-0.012437,0.043486
2025-06-08,0.056633,0.035199,0.017531,-0.003750,-0.007223,-0.017345
2025-06-09,0.026959,0.027189,0.042414,-0.001976,0.000060,0.043641
2025-06-10,0.029136,0.040828,-0.007636,0.056000,0.009987,0.015680
2025-06-11,-0.009253,0.001106,0.000534,-0.011243,-0.053148,-0.005219
2025-06-12,-0.032646,-0.014184,0.037397,-0.027073,-0.064585,-0.048821
2025-06-13,0.030239,-0.014059,-0.040303,-0.007021,0.022980,0.004002
2025-06-14,-0.045645,-0.022317,0.023861,0.022108,-0.018822,-0.008000
2025-06-15,0.037139,0.007021,0.017801,0.004548,-0.017917,-0.015025
2025-06-16,-0.025846,0.001206,0.042412,0.043434,-0.054851,0.036054
2025-06-17,-0.002675,-0.032258,-0.036148,-0.025884,-0.041487,-0.033660
2025-06-18,0.017154,0.053937,0.048569,0.004094,-0.009120,0.031831
2025-06-19,0.002544,-0.064141,-0.058109,-0.027595,-0.033986,-0.023424
2025-06-20,-0.006519,-0.015421,0.049776,0.050220,0.001284,0.028150
2025-06-21,0.013144,0.005240,0.019214,0.035213,-0.000929,-0.009414
2025-06-22,0.022757,0.037741,0.020223,0.018886,-0.034086,0.032798
2025-06-23,-0.038446,0.007020,-0.026156,-0.015924,-0.029137,-0.023165
2025-06-24,0.010032,0.035304,0.074429,0.019175,0.037821,0.012870
2025-06-25,-0.057761,0.013937,-0.056660,-0.047269,-0.001913,0.004035
2025-06-26,0.037197,-0.019326,-0.034479,-0.000192,0.039376,-0.033927
2025-06-27,0.007495,0.038040,0.007440,-0.037792,0.052899,-0.008406
2025-06-28,-0.007765,0.043450,-0.015565,-0.000538,0.002405,0.054928
2025-06-29,0.000757,-0.009069,0.033927,0.035041,0.025183,0.003352
2025-06-30,0.025505,0.034871,0.012154,-0.031989,0.011948,0.029887
2025-07-01,0.046247,-0.000084,0.036702,0.034750,0.017986,0.060830
2025-07-02,-0.024165,-0.007105,-0.023294,0.016436,0.018667,-0.002808
2025-07-03,0.061370,0.031213,-0.004749,-0.000737,0.024558,-0.016421
2025-07-04,-0.022486,-0.010955,-0.015652,0.025271,-0.013711,-0.014047
2025-07-05,-0.031188,0.028587,-0.003889,0.028206,0.001291,-0.019358
2025-07-06,0.021937,-0.003221,-0.043531,-0.026852,-0.007769,0.026713
2025-07-07,0.050344,0.003098,-0.050313,-0.020013,-0.010150,0.007824
2025-07-08,-0.021102,-0.034230,-0.003236,-0.001097,-0.050596,-0.025621
2025-07-09,0.061871,0.004273,0.033778,0.010756,0.015910,0.045165
2025-07-10,0.027239,-0.012800,-0.049071,-0.028432,0.003826,-0.015419
2025-07-11,0.031420,-0.008770,0.022099,-0.018190,0.009383,-0.011950
2025-07-12,-0.060966,-0.021275,0.016544,-0.016622,-0.021206,-0.016832
2025-07-13,-0.026047,0.012555,-0.028355,0.002691,0.053370,-0.001732
2025-07-14,-0.002368,0.026985,-0.018513,0.035218,-0.004531,0.024598
2025-07-15,-0.016640,0.034933,0.019359,-0.012565,0.031854,0.007048
2025-07-16,-0.022601,-0.005675,0.010219,0.008335,0.010982,0.002953
2025-07-17,0.029052,-0.011573,0.027919,-0.005780,-0.002733,-0.018112
2025-07-18,0.011653,0.035396,-0.006644,0.024179,-0.026891,-0.010679
2025-07-19,-0.009843,0.004959,0.024531,-0.023638,-0.015916,-0.002563
2025-07-20,0.057306,-0.027819,-0.051600,-0.028253,0.012183,-0.001942
2025-07-21,0.032116,0.036554,0.017267,0.001837,0.014973,-0.036180
2025-07-22,0.029789,0.008014,-0.016986,0.023774,0.006427,-0.004604
2025-07-23,0.015171,-0.037102,0.056751,-0.007593,-0.001128,-0.000625
2025-07-24,0.042167,-0.002223,0.012690,0.011124,-0.034967,0.021609
2025-07-25,0.000803,-0.026411,0.014325,0.016821,-0.036287,-0.028357
2025-07-26,0.018410,0.017440,0.026557,-0.023313,-0.004356,0.026490
2025-07-27,0.031204,0.069973,-0.022635,0.007504,0.038706,-0.033419
2025-07-28,-0.025575,-0.020303,0.024913,-0.022463,-0.021882,0.029293
2025-07-29,-0.001758,-0.060433,-0.026896,0.003317,0.009577,-0.044961
2025-07-30,0.014053,0.018881,0.025951,0.021043,0.028081,0.035478
2025-07-31,0.015062,0.001986,-0.035545,-0.005215,-0.033948,0.004395
2025-08-01,-0.039346,-0.061033,-0.018454,0.029334,-0.004771,0.006235
2025-08-02,0.049333,0.029006,0.007210,0.019834,0.011416,-0.008266
2025-08-03,0.051265,0.014105,-0.031742,-0.001960,0.034602,0.019344
2025-08-04,-0.026212,-0.017063,-0.020229,-0.034814,-0.003724,-0.002396
2025-08-05,-0.035945,-0.007759,-0.054177,-0.030998,0.014153,-0.020503
2025-08-06,0.034514,0.010204,0.018830,0.038816,-0.003104,-0.015714
2025-08-07,0.023465,0.009625,0.069238,-0.031254,-0.016212,-0.005422
2025-08-08,-0.047369,-0.064242,-0.016970,-0.035366,-0.012056,-0.075207
2025-08-09,0.002598,-0.016387,-0.014503,0.034176,-0.026318,-0.016895
2025-08-10,0.025655,0.026370,0.006086,0.002726,0.017751,-0.030013
2025-08-11,0.011926,0.014195,0.029103,-0.054130,-0.059582,-0.023023
2025-08-12,0.001792,0.044194,0.012764,-0.018269,0.050098,0.010476
2025-08-13,-0.010188,0.026548,0.015280,0.013343,0.004335,0.017369
2025-08-14,-0.014379,0.020359,-0.025870,0.002462,-0.083549,-0.058510
2025-08-15,-0.026290,-0.023637,-0.053897,-0.004134,-0.027239,-0.049983
2025-08-16,0.006936,-0.019700,0.005426,-0.007232,-0.018196,0.035461
2025-08-17,-0.008407,-0.028879,-0.014229,-0.000760,0.000020,0.022788
2025-08-18,0.018456,-0.011163,0.021739,-0.018603,0.022695,-0.001959
2025-08-19,0.039363,0.026362,0.020261,-0.006481,0.020348,0.040863
2025-08-20,-0.001099,-0.007425,-0.003814,0.024431,-0.040499,-0.025116
2025-08-21,-0.043300,-0.007257,0.004775,0.000070,0.056991,-0.001176
2025-08-22,-0.046113,-0.017352,-0.059424,-0.022323,-0.000577,-0.046767
